n,instance,algorithm,epsilon,optimal_value,value,weight,ratio,error_percent,runtime_ms
20,1,EXACT,NA,808,808,322,1.000000,0.000000,1.284000
20,1,GREEDY,NA,808,786,302,0.972772,2.722772,4.379625
20,1,FPTAS,0.50,808,808,322,1.000000,0.000000,0.974542
20,1,FPTAS,0.20,808,808,322,1.000000,0.000000,1.294166
20,1,FPTAS,0.10,808,808,322,1.000000,0.000000,2.572583
20,1,FPTAS,0.05,808,808,322,1.000000,0.000000,3.114958
20,1,FPTAS,0.01,808,808,322,1.000000,0.000000,3.625958
20,2,EXACT,NA,624,624,514,1.000000,0.000000,0.981375
20,2,GREEDY,NA,624,620,494,0.993590,0.641026,0.033667
20,2,FPTAS,0.50,624,624,514,1.000000,0.000000,1.372459
20,2,FPTAS,0.20,624,624,514,1.000000,0.000000,0.462041
20,2,FPTAS,0.10,624,624,514,1.000000,0.000000,0.200542
20,2,FPTAS,0.05,624,624,514,1.000000,0.000000,0.433042
20,2,FPTAS,0.01,624,624,514,1.000000,0.000000,1.795875
20,3,EXACT,NA,951,951,313,1.000000,0.000000,0.586000
20,3,GREEDY,NA,951,951,313,1.000000,0.000000,0.030292
20,3,FPTAS,0.50,951,951,313,1.000000,0.000000,0.101667
20,3,FPTAS,0.20,951,951,313,1.000000,0.000000,0.155750
20,3,FPTAS,0.10,951,951,313,1.000000,0.000000,0.287500
20,3,FPTAS,0.05,951,951,313,1.000000,0.000000,0.648167
20,3,FPTAS,0.01,951,951,313,1.000000,0.000000,2.540000
20,4,EXACT,NA,500,500,336,1.000000,0.000000,0.556917
20,4,GREEDY,NA,500,492,327,0.984000,1.600000,0.029917
20,4,FPTAS,0.50,500,500,336,1.000000,0.000000,0.528750
20,4,FPTAS,0.20,500,500,336,1.000000,0.000000,0.373167
20,4,FPTAS,0.10,500,500,336,1.000000,0.000000,0.208500
20,4,FPTAS,0.05,500,500,336,1.000000,0.000000,0.387709
20,4,FPTAS,0.01,500,500,336,1.000000,0.000000,1.963125
20,5,EXACT,NA,841,841,419,1.000000,0.000000,0.637958
20,5,GREEDY,NA,841,830,409,0.986920,1.307967,0.038125
20,5,FPTAS,0.50,841,841,419,1.000000,0.000000,0.102250
20,5,FPTAS,0.20,841,841,419,1.000000,0.000000,0.178959
20,5,FPTAS,0.10,841,841,419,1.000000,0.000000,0.317125
20,5,FPTAS,0.05,841,841,419,1.000000,0.000000,0.628750
20,5,FPTAS,0.01,841,841,419,1.000000,0.000000,3.088084
20,6,EXACT,NA,809,809,422,1.000000,0.000000,0.746875
20,6,GREEDY,NA,809,808,401,0.998764,0.123609,0.273084
20,6,FPTAS,0.50,809,809,440,1.000000,0.000000,1.937958
20,6,FPTAS,0.20,809,809,422,1.000000,0.000000,0.986209
20,6,FPTAS,0.10,809,809,422,1.000000,0.000000,0.524917
20,6,FPTAS,0.05,809,809,422,1.000000,0.000000,0.923375
20,6,FPTAS,0.01,809,809,422,1.000000,0.000000,3.019417
20,7,EXACT,NA,642,642,503,1.000000,0.000000,0.767208
20,7,GREEDY,NA,642,642,503,1.000000,0.000000,0.021583
20,7,FPTAS,0.50,642,642,503,1.000000,0.000000,0.063000
20,7,FPTAS,0.20,642,642,503,1.000000,0.000000,0.121625
20,7,FPTAS,0.10,642,642,503,1.000000,0.000000,0.236791
20,7,FPTAS,0.05,642,642,503,1.000000,0.000000,0.454334
20,7,FPTAS,0.01,642,642,503,1.000000,0.000000,1.960125
20,8,EXACT,NA,824,824,332,1.000000,0.000000,0.518583
20,8,GREEDY,NA,824,824,332,1.000000,0.000000,0.015541
20,8,FPTAS,0.50,824,824,332,1.000000,0.000000,0.071083
20,8,FPTAS,0.20,824,824,332,1.000000,0.000000,0.166417
20,8,FPTAS,0.10,824,824,332,1.000000,0.000000,0.301083
20,8,FPTAS,0.05,824,824,332,1.000000,0.000000,0.591167
20,8,FPTAS,0.01,824,824,332,1.000000,0.000000,2.643708
20,9,EXACT,NA,816,816,358,1.000000,0.000000,1.257667
20,9,GREEDY,NA,816,816,358,1.000000,0.000000,0.030167
20,9,FPTAS,0.50,816,816,358,1.000000,0.000000,0.058416
20,9,FPTAS,0.20,816,816,358,1.000000,0.000000,0.133458
20,9,FPTAS,0.10,816,816,358,1.000000,0.000000,0.263625
20,9,FPTAS,0.05,816,816,358,1.000000,0.000000,0.507042
20,9,FPTAS,0.01,816,816,358,1.000000,0.000000,12.504417
20,10,EXACT,NA,854,854,378,1.000000,0.000000,1.121166
20,10,GREEDY,NA,854,854,378,1.000000,0.000000,0.093500
20,10,FPTAS,0.50,854,854,378,1.000000,0.000000,0.260958
20,10,FPTAS,0.20,854,854,378,1.000000,0.000000,0.158875
20,10,FPTAS,0.10,854,854,378,1.000000,0.000000,0.314333
20,10,FPTAS,0.05,854,854,378,1.000000,0.000000,0.679625
20,10,FPTAS,0.01,854,854,378,1.000000,0.000000,2.624083
20,11,EXACT,NA,717,717,370,1.000000,0.000000,0.250500
20,11,GREEDY,NA,717,697,351,0.972106,2.789400,0.018625
20,11,FPTAS,0.50,717,716,365,0.998605,0.139470,0.065666
20,11,FPTAS,0.20,717,717,370,1.000000,0.000000,0.148583
20,11,FPTAS,0.10,717,717,370,1.000000,0.000000,0.256500
20,11,FPTAS,0.05,717,717,370,1.000000,0.000000,0.636209
20,11,FPTAS,0.01,717,717,370,1.000000,0.000000,2.644125
20,12,EXACT,NA,687,687,446,1.000000,0.000000,0.202417
20,12,GREEDY,NA,687,687,446,1.000000,0.000000,0.023208
20,12,FPTAS,0.50,687,687,446,1.000000,0.000000,2.548833
20,12,FPTAS,0.20,687,687,446,1.000000,0.000000,0.604542
20,12,FPTAS,0.10,687,687,446,1.000000,0.000000,0.586167
20,12,FPTAS,0.05,687,687,446,1.000000,0.000000,0.608459
20,12,FPTAS,0.01,687,687,446,1.000000,0.000000,2.306500
20,13,EXACT,NA,654,654,429,1.000000,0.000000,0.154250
20,13,GREEDY,NA,654,649,420,0.992355,0.764526,0.016208
20,13,FPTAS,0.50,654,654,429,1.000000,0.000000,0.064125
20,13,FPTAS,0.20,654,654,429,1.000000,0.000000,0.129958
20,13,FPTAS,0.10,654,654,429,1.000000,0.000000,0.255583
20,13,FPTAS,0.05,654,654,429,1.000000,0.000000,0.513458
20,13,FPTAS,0.01,654,654,429,1.000000,0.000000,2.267000
20,14,EXACT,NA,806,806,337,1.000000,0.000000,0.250500
20,14,GREEDY,NA,806,806,337,1.000000,0.000000,0.016000
20,14,FPTAS,0.50,806,804,336,0.997519,0.248139,0.064375
20,14,FPTAS,0.20,806,806,337,1.000000,0.000000,0.163125
20,14,FPTAS,0.10,806,806,337,1.000000,0.000000,0.304917
20,14,FPTAS,0.05,806,806,337,1.000000,0.000000,0.599333
20,14,FPTAS,0.01,806,806,337,1.000000,0.000000,2.709500
20,15,EXACT,NA,796,796,373,1.000000,0.000000,0.034917
20,15,GREEDY,NA,796,779,341,0.978643,2.135678,0.118416
20,15,FPTAS,0.50,796,796,373,1.000000,0.000000,0.068000
20,15,FPTAS,0.20,796,796,373,1.000000,0.000000,0.185375
20,15,FPTAS,0.10,796,796,373,1.000000,0.000000,0.542958
20,15,FPTAS,0.05,796,796,373,1.000000,0.000000,0.793458
20,15,FPTAS,0.01,796,796,373,1.000000,0.000000,2.915375
20,16,EXACT,NA,641,641,427,1.000000,0.000000,0.213208
20,16,GREEDY,NA,641,634,424,0.989080,1.092044,0.025375
20,16,FPTAS,0.50,641,641,427,1.000000,0.000000,0.072542
20,16,FPTAS,0.20,641,641,427,1.000000,0.000000,0.146291
20,16,FPTAS,0.10,641,641,427,1.000000,0.000000,0.283417
20,16,FPTAS,0.05,641,641,427,1.000000,0.000000,0.564916
20,16,FPTAS,0.01,641,641,427,1.000000,0.000000,2.179959
20,17,EXACT,NA,599,599,413,1.000000,0.000000,0.111000
20,17,GREEDY,NA,599,582,407,0.971619,2.838063,0.014125
20,17,FPTAS,0.50,599,599,413,1.000000,0.000000,0.214833
20,17,FPTAS,0.20,599,599,413,1.000000,0.000000,0.236666
20,17,FPTAS,0.10,599,599,413,1.000000,0.000000,0.201792
20,17,FPTAS,0.05,599,599,413,1.000000,0.000000,0.357750
20,17,FPTAS,0.01,599,599,413,1.000000,0.000000,1.617917
20,18,EXACT,NA,685,685,470,1.000000,0.000000,0.064916
20,18,GREEDY,NA,685,655,430,0.956204,4.379562,0.024833
20,18,FPTAS,0.50,685,685,470,1.000000,0.000000,0.132750
20,18,FPTAS,0.20,685,685,470,1.000000,0.000000,0.158208
20,18,FPTAS,0.10,685,685,470,1.000000,0.000000,0.219792
20,18,FPTAS,0.05,685,685,470,1.000000,0.000000,0.400125
20,18,FPTAS,0.01,685,685,470,1.000000,0.000000,1.727125
20,19,EXACT,NA,753,753,433,1.000000,0.000000,0.040791
20,19,GREEDY,NA,753,748,420,0.993360,0.664011,0.015125
20,19,FPTAS,0.50,753,753,433,1.000000,0.000000,0.139833
20,19,FPTAS,0.20,753,753,433,1.000000,0.000000,0.151292
20,19,FPTAS,0.10,753,753,433,1.000000,0.000000,0.226917
20,19,FPTAS,0.05,753,753,433,1.000000,0.000000,0.443166
20,19,FPTAS,0.01,753,753,433,1.000000,0.000000,2.091750
20,20,EXACT,NA,789,789,435,1.000000,0.000000,0.040125
20,20,GREEDY,NA,789,789,435,1.000000,0.000000,0.015791
20,20,FPTAS,0.50,789,789,435,1.000000,0.000000,0.118000
20,20,FPTAS,0.20,789,789,435,1.000000,0.000000,0.134667
20,20,FPTAS,0.10,789,789,435,1.000000,0.000000,0.236250
20,20,FPTAS,0.05,789,789,435,1.000000,0.000000,0.438542
20,20,FPTAS,0.01,789,789,435,1.000000,0.000000,1.907084
20,21,EXACT,NA,570,570,342,1.000000,0.000000,0.037084
20,21,GREEDY,NA,570,570,342,1.000000,0.000000,0.016792
20,21,FPTAS,0.50,570,570,342,1.000000,0.000000,0.125833
20,21,FPTAS,0.20,570,570,342,1.000000,0.000000,0.141958
20,21,FPTAS,0.10,570,570,342,1.000000,0.000000,0.242667
20,21,FPTAS,0.05,570,570,342,1.000000,0.000000,0.448792
20,21,FPTAS,0.01,570,570,342,1.000000,0.000000,1.957541
20,22,EXACT,NA,669,669,441,1.000000,0.000000,0.044584
20,22,GREEDY,NA,669,669,441,1.000000,0.000000,0.028916
20,22,FPTAS,0.50,669,669,441,1.000000,0.000000,0.141834
20,22,FPTAS,0.20,669,669,441,1.000000,0.000000,0.137459
20,22,FPTAS,0.10,669,669,441,1.000000,0.000000,0.315250
20,22,FPTAS,0.05,669,669,441,1.000000,0.000000,0.427584
20,22,FPTAS,0.01,669,669,441,1.000000,0.000000,1.861500
20,23,EXACT,NA,726,726,414,1.000000,0.000000,0.041791
20,23,GREEDY,NA,726,726,414,1.000000,0.000000,0.011916
20,23,FPTAS,0.50,726,726,414,1.000000,0.000000,0.118834
20,23,FPTAS,0.20,726,726,414,1.000000,0.000000,0.138917
20,23,FPTAS,0.10,726,726,414,1.000000,0.000000,0.235875
20,23,FPTAS,0.05,726,726,414,1.000000,0.000000,0.423000
20,23,FPTAS,0.01,726,726,414,1.000000,0.000000,1.807750
20,24,EXACT,NA,675,675,343,1.000000,0.000000,0.034709
20,24,GREEDY,NA,675,675,343,1.000000,0.000000,0.014208
20,24,FPTAS,0.50,675,675,343,1.000000,0.000000,0.099792
20,24,FPTAS,0.20,675,675,343,1.000000,0.000000,0.145500
20,24,FPTAS,0.10,675,675,343,1.000000,0.000000,0.208833
20,24,FPTAS,0.05,675,675,343,1.000000,0.000000,0.376750
20,24,FPTAS,0.01,675,675,343,1.000000,0.000000,1.699792
20,25,EXACT,NA,680,680,470,1.000000,0.000000,0.044708
20,25,GREEDY,NA,680,666,473,0.979412,2.058824,0.015000
20,25,FPTAS,0.50,680,680,470,1.000000,0.000000,0.052625
20,25,FPTAS,0.20,680,680,470,1.000000,0.000000,0.144791
20,25,FPTAS,0.10,680,680,470,1.000000,0.000000,0.196042
20,25,FPTAS,0.05,680,680,470,1.000000,0.000000,0.356500
20,25,FPTAS,0.01,680,680,470,1.000000,0.000000,1.610042
20,26,EXACT,NA,869,869,390,1.000000,0.000000,0.038583
20,26,GREEDY,NA,869,869,390,1.000000,0.000000,0.038959
20,26,FPTAS,0.50,869,869,390,1.000000,0.000000,0.110583
20,26,FPTAS,0.20,869,869,390,1.000000,0.000000,0.159459
20,26,FPTAS,0.10,869,869,390,1.000000,0.000000,0.279166
20,26,FPTAS,0.05,869,869,390,1.000000,0.000000,0.508833
20,26,FPTAS,0.01,869,869,390,1.000000,0.000000,2.281375
20,27,EXACT,NA,675,675,325,1.000000,0.000000,0.033125
20,27,GREEDY,NA,675,675,325,1.000000,0.000000,0.064541
20,27,FPTAS,0.50,675,675,325,1.000000,0.000000,0.104458
20,27,FPTAS,0.20,675,675,325,1.000000,0.000000,0.131542
20,27,FPTAS,0.10,675,675,325,1.000000,0.000000,0.227750
20,27,FPTAS,0.05,675,675,325,1.000000,0.000000,0.393584
20,27,FPTAS,0.01,675,675,325,1.000000,0.000000,1.789250
20,28,EXACT,NA,565,565,412,1.000000,0.000000,0.038791
20,28,GREEDY,NA,565,561,418,0.992920,0.707965,0.012667
20,28,FPTAS,0.50,565,565,412,1.000000,0.000000,0.121708
20,28,FPTAS,0.20,565,565,412,1.000000,0.000000,0.135000
20,28,FPTAS,0.10,565,565,412,1.000000,0.000000,0.239084
20,28,FPTAS,0.05,565,565,412,1.000000,0.000000,0.449709
20,28,FPTAS,0.01,565,565,412,1.000000,0.000000,1.914083
20,29,EXACT,NA,643,643,509,1.000000,0.000000,0.047875
20,29,GREEDY,NA,643,632,487,0.982893,1.710731,0.012041
20,29,FPTAS,0.50,643,643,509,1.000000,0.000000,0.117917
20,29,FPTAS,0.20,643,643,509,1.000000,0.000000,0.150792
20,29,FPTAS,0.10,643,643,509,1.000000,0.000000,0.232333
20,29,FPTAS,0.05,643,643,509,1.000000,0.000000,0.443042
20,29,FPTAS,0.01,643,643,509,1.000000,0.000000,2.023958
20,30,EXACT,NA,649,649,494,1.000000,0.000000,0.047250
20,30,GREEDY,NA,649,649,494,1.000000,0.000000,0.010042
20,30,FPTAS,0.50,649,649,494,1.000000,0.000000,0.055459
20,30,FPTAS,0.20,649,649,494,1.000000,0.000000,0.131250
20,30,FPTAS,0.10,649,649,494,1.000000,0.000000,0.209125
20,30,FPTAS,0.05,649,649,494,1.000000,0.000000,0.365459
20,30,FPTAS,0.01,649,649,494,1.000000,0.000000,1.696583
50,1,EXACT,NA,1866,1866,905,1.000000,0.000000,0.230500
50,1,GREEDY,NA,1866,1843,887,0.987674,1.232583,0.068125
50,1,FPTAS,0.50,1866,1866,905,1.000000,0.000000,0.734750
50,1,FPTAS,0.20,1866,1866,905,1.000000,0.000000,0.694916
50,1,FPTAS,0.10,1866,1866,908,1.000000,0.000000,0.910042
50,1,FPTAS,0.05,1866,1866,908,1.000000,0.000000,1.732500
50,1,FPTAS,0.01,1866,1866,905,1.000000,0.000000,8.762750
50,2,EXACT,NA,1944,1944,1123,1.000000,0.000000,0.280125
50,2,GREEDY,NA,1944,1938,1111,0.996914,0.308642,0.052708
50,2,FPTAS,0.50,1944,1944,1123,1.000000,0.000000,0.234875
50,2,FPTAS,0.20,1944,1944,1123,1.000000,0.000000,0.476167
50,2,FPTAS,0.10,1944,1944,1123,1.000000,0.000000,0.895625
50,2,FPTAS,0.05,1944,1944,1123,1.000000,0.000000,1.729000
50,2,FPTAS,0.01,1944,1944,1123,1.000000,0.000000,8.916125
50,3,EXACT,NA,1640,1640,1066,1.000000,0.000000,0.308959
50,3,GREEDY,NA,1640,1639,1066,0.999390,0.060976,0.054458
50,3,FPTAS,0.50,1640,1640,1063,1.000000,0.000000,0.231458
50,3,FPTAS,0.20,1640,1640,1063,1.000000,0.000000,0.502583
50,3,FPTAS,0.10,1640,1640,1063,1.000000,0.000000,1.188834
50,3,FPTAS,0.05,1640,1640,1066,1.000000,0.000000,1.687875
50,3,FPTAS,0.01,1640,1640,1063,1.000000,0.000000,15.381250
50,4,EXACT,NA,1779,1779,1029,1.000000,0.000000,0.746083
50,4,GREEDY,NA,1779,1779,1029,1.000000,0.000000,0.218042
50,4,FPTAS,0.50,1779,1779,1029,1.000000,0.000000,0.334917
50,4,FPTAS,0.20,1779,1779,1029,1.000000,0.000000,0.252917
50,4,FPTAS,0.10,1779,1779,1029,1.000000,0.000000,0.487916
50,4,FPTAS,0.05,1779,1779,1029,1.000000,0.000000,0.991000
50,4,FPTAS,0.01,1779,1779,1029,1.000000,0.000000,13.674833
50,5,EXACT,NA,1754,1754,1063,1.000000,0.000000,0.444041
50,5,GREEDY,NA,1754,1749,1046,0.997149,0.285063,0.051583
50,5,FPTAS,0.50,1754,1754,1063,1.000000,0.000000,0.089125
50,5,FPTAS,0.20,1754,1754,1063,1.000000,0.000000,0.217750
50,5,FPTAS,0.10,1754,1754,1063,1.000000,0.000000,0.355541
50,5,FPTAS,0.05,1754,1754,1063,1.000000,0.000000,0.731209
50,5,FPTAS,0.01,1754,1754,1063,1.000000,0.000000,4.408708
50,6,EXACT,NA,2060,2060,910,1.000000,0.000000,0.206833
50,6,GREEDY,NA,2060,2060,910,1.000000,0.000000,0.040541
50,6,FPTAS,0.50,2060,2060,910,1.000000,0.000000,0.126584
50,6,FPTAS,0.20,2060,2060,910,1.000000,0.000000,0.370333
50,6,FPTAS,0.10,2060,2060,910,1.000000,0.000000,0.661542
50,6,FPTAS,0.05,2060,2060,910,1.000000,0.000000,1.265000
50,6,FPTAS,0.01,2060,2060,910,1.000000,0.000000,9.709375
50,7,EXACT,NA,1876,1876,972,1.000000,0.000000,0.300583
50,7,GREEDY,NA,1876,1858,951,0.990405,0.959488,0.057250
50,7,FPTAS,0.50,1876,1876,972,1.000000,0.000000,0.147125
50,7,FPTAS,0.20,1876,1876,972,1.000000,0.000000,0.336875
50,7,FPTAS,0.10,1876,1876,972,1.000000,0.000000,0.536833
50,7,FPTAS,0.05,1876,1876,972,1.000000,0.000000,1.001250
50,7,FPTAS,0.01,1876,1876,972,1.000000,0.000000,5.248542
50,8,EXACT,NA,1924,1924,1060,1.000000,0.000000,0.240333
50,8,GREEDY,NA,1924,1913,1054,0.994283,0.571726,0.040375
50,8,FPTAS,0.50,1924,1924,1060,1.000000,0.000000,0.181458
50,8,FPTAS,0.20,1924,1924,1060,1.000000,0.000000,0.480292
50,8,FPTAS,0.10,1924,1924,1060,1.000000,0.000000,0.798125
50,8,FPTAS,0.05,1924,1924,1060,1.000000,0.000000,1.638708
50,8,FPTAS,0.01,1924,1924,1060,1.000000,0.000000,13.316167
50,9,EXACT,NA,1672,1672,1165,1.000000,0.000000,0.547083
50,9,GREEDY,NA,1672,1672,1165,1.000000,0.000000,0.324791
50,9,FPTAS,0.50,1672,1672,1165,1.000000,0.000000,0.329667
50,9,FPTAS,0.20,1672,1672,1165,1.000000,0.000000,0.246125
50,9,FPTAS,0.10,1672,1672,1165,1.000000,0.000000,0.558125
50,9,FPTAS,0.05,1672,1672,1165,1.000000,0.000000,1.044500
50,9,FPTAS,0.01,1672,1672,1165,1.000000,0.000000,5.144667
50,10,EXACT,NA,1828,1828,1077,1.000000,0.000000,0.303000
50,10,GREEDY,NA,1828,1814,1078,0.992341,0.765864,0.056667
50,10,FPTAS,0.50,1828,1828,1077,1.000000,0.000000,0.152541
50,10,FPTAS,0.20,1828,1828,1077,1.000000,0.000000,0.334500
50,10,FPTAS,0.10,1828,1828,1077,1.000000,0.000000,0.574917
50,10,FPTAS,0.05,1828,1828,1077,1.000000,0.000000,1.161458
50,10,FPTAS,0.01,1828,1828,1077,1.000000,0.000000,4.925917
50,11,EXACT,NA,1951,1951,984,1.000000,0.000000,0.214916
50,11,GREEDY,NA,1951,1946,971,0.997437,0.256279,0.038792
50,11,FPTAS,0.50,1951,1951,984,1.000000,0.000000,0.167209
50,11,FPTAS,0.20,1951,1951,984,1.000000,0.000000,0.402209
50,11,FPTAS,0.10,1951,1951,984,1.000000,0.000000,0.652125
50,11,FPTAS,0.05,1951,1951,984,1.000000,0.000000,1.295375
50,11,FPTAS,0.01,1951,1951,984,1.000000,0.000000,8.093292
50,12,EXACT,NA,1959,1959,1099,1.000000,0.000000,0.514917
50,12,GREEDY,NA,1959,1949,1103,0.994895,0.510465,0.273917
50,12,FPTAS,0.50,1959,1959,1099,1.000000,0.000000,0.338542
50,12,FPTAS,0.20,1959,1959,1099,1.000000,0.000000,0.280084
50,12,FPTAS,0.10,1959,1959,1099,1.000000,0.000000,0.427666
50,12,FPTAS,0.05,1959,1959,1099,1.000000,0.000000,0.844750
50,12,FPTAS,0.01,1959,1959,1099,1.000000,0.000000,4.747625
50,13,EXACT,NA,2125,2125,1061,1.000000,0.000000,0.211625
50,13,GREEDY,NA,2125,2125,1061,1.000000,0.000000,0.044166
50,13,FPTAS,0.50,2125,2125,1061,1.000000,0.000000,0.109708
50,13,FPTAS,0.20,2125,2125,1061,1.000000,0.000000,0.271916
50,13,FPTAS,0.10,2125,2125,1061,1.000000,0.000000,0.529542
50,13,FPTAS,0.05,2125,2125,1061,1.000000,0.000000,1.091250
50,13,FPTAS,0.01,2125,2125,1061,1.000000,0.000000,7.174916
50,14,EXACT,NA,1825,1825,1045,1.000000,0.000000,0.542500
50,14,GREEDY,NA,1825,1807,1026,0.990137,0.986301,0.273084
50,14,FPTAS,0.50,1825,1825,1045,1.000000,0.000000,0.468625
50,14,FPTAS,0.20,1825,1825,1045,1.000000,0.000000,0.541167
50,14,FPTAS,0.10,1825,1825,1045,1.000000,0.000000,1.058625
50,14,FPTAS,0.05,1825,1825,1045,1.000000,0.000000,2.334125
50,14,FPTAS,0.01,1825,1825,1045,1.000000,0.000000,4.460875
50,15,EXACT,NA,2052,2052,980,1.000000,0.000000,0.239083
50,15,GREEDY,NA,2052,2044,967,0.996101,0.389864,0.045250
50,15,FPTAS,0.50,2052,2052,980,1.000000,0.000000,0.199916
50,15,FPTAS,0.20,2052,2052,980,1.000000,0.000000,0.522625
50,15,FPTAS,0.10,2052,2052,980,1.000000,0.000000,0.943083
50,15,FPTAS,0.05,2052,2052,980,1.000000,0.000000,1.999542
50,15,FPTAS,0.01,2052,2052,980,1.000000,0.000000,7.276167
50,16,EXACT,NA,1811,1811,1018,1.000000,0.000000,0.500500
50,16,GREEDY,NA,1811,1811,1018,1.000000,0.000000,0.318542
50,16,FPTAS,0.50,1811,1811,1018,1.000000,0.000000,0.358083
50,16,FPTAS,0.20,1811,1811,1018,1.000000,0.000000,0.376375
50,16,FPTAS,0.10,1811,1811,1018,1.000000,0.000000,0.676125
50,16,FPTAS,0.05,1811,1811,1018,1.000000,0.000000,1.114625
50,16,FPTAS,0.01,1811,1811,1018,1.000000,0.000000,7.236834
50,17,EXACT,NA,1727,1727,1031,1.000000,0.000000,0.482167
50,17,GREEDY,NA,1727,1722,1025,0.997105,0.289519,0.057167
50,17,FPTAS,0.50,1727,1727,1031,1.000000,0.000000,0.172583
50,17,FPTAS,0.20,1727,1727,1031,1.000000,0.000000,0.477500
50,17,FPTAS,0.10,1727,1727,1031,1.000000,0.000000,0.768292
50,17,FPTAS,0.05,1727,1727,1031,1.000000,0.000000,3.676750
50,17,FPTAS,0.01,1727,1727,1031,1.000000,0.000000,8.797417
50,18,EXACT,NA,1766,1766,989,1.000000,0.000000,0.339459
50,18,GREEDY,NA,1766,1766,989,1.000000,0.000000,0.055875
50,18,FPTAS,0.50,1766,1766,989,1.000000,0.000000,0.207500
50,18,FPTAS,0.20,1766,1766,989,1.000000,0.000000,0.396709
50,18,FPTAS,0.10,1766,1766,989,1.000000,0.000000,0.785333
50,18,FPTAS,0.05,1766,1766,989,1.000000,0.000000,1.752250
50,18,FPTAS,0.01,1766,1766,989,1.000000,0.000000,4.730208
50,19,EXACT,NA,1894,1894,862,1.000000,0.000000,0.258292
50,19,GREEDY,NA,1894,1894,864,1.000000,0.000000,0.090125
50,19,FPTAS,0.50,1894,1894,857,1.000000,0.000000,0.137042
50,19,FPTAS,0.20,1894,1894,857,1.000000,0.000000,0.235209
50,19,FPTAS,0.10,1894,1894,857,1.000000,0.000000,0.397875
50,19,FPTAS,0.05,1894,1894,857,1.000000,0.000000,0.753834
50,19,FPTAS,0.01,1894,1894,857,1.000000,0.000000,3.984333
50,20,EXACT,NA,1946,1946,1070,1.000000,0.000000,0.236042
50,20,GREEDY,NA,1946,1945,1073,0.999486,0.051387,0.058458
50,20,FPTAS,0.50,1946,1946,1070,1.000000,0.000000,0.119708
50,20,FPTAS,0.20,1946,1946,1070,1.000000,0.000000,0.280917
50,20,FPTAS,0.10,1946,1946,1070,1.000000,0.000000,0.662916
50,20,FPTAS,0.05,1946,1946,1070,1.000000,0.000000,1.058208
50,20,FPTAS,0.01,1946,1946,1070,1.000000,0.000000,4.649500
50,21,EXACT,NA,1709,1709,1013,1.000000,0.000000,0.268916
50,21,GREEDY,NA,1709,1699,1008,0.994149,0.585138,0.238042
50,21,FPTAS,0.50,1709,1709,1013,1.000000,0.000000,0.103750
50,21,FPTAS,0.20,1709,1709,1013,1.000000,0.000000,0.229459
50,21,FPTAS,0.10,1709,1709,1013,1.000000,0.000000,0.364209
50,21,FPTAS,0.05,1709,1709,1013,1.000000,0.000000,0.678125
50,21,FPTAS,0.01,1709,1709,1013,1.000000,0.000000,3.841917
50,22,EXACT,NA,1662,1662,1031,1.000000,0.000000,0.201042
50,22,GREEDY,NA,1662,1659,1023,0.998195,0.180505,0.041417
50,22,FPTAS,0.50,1662,1662,1031,1.000000,0.000000,0.110666
50,22,FPTAS,0.20,1662,1662,1031,1.000000,0.000000,0.255041
50,22,FPTAS,0.10,1662,1662,1031,1.000000,0.000000,0.376750
50,22,FPTAS,0.05,1662,1662,1031,1.000000,0.000000,0.740500
50,22,FPTAS,0.01,1662,1662,1031,1.000000,0.000000,5.033750
50,23,EXACT,NA,1694,1694,976,1.000000,0.000000,0.190791
50,23,GREEDY,NA,1694,1677,976,0.989965,1.003542,0.051375
50,23,FPTAS,0.50,1694,1694,976,1.000000,0.000000,0.356875
50,23,FPTAS,0.20,1694,1694,976,1.000000,0.000000,0.345292
50,23,FPTAS,0.10,1694,1694,976,1.000000,0.000000,0.593500
50,23,FPTAS,0.05,1694,1694,976,1.000000,0.000000,1.270083
50,23,FPTAS,0.01,1694,1694,976,1.000000,0.000000,5.254083
50,24,EXACT,NA,1857,1857,1042,1.000000,0.000000,0.275375
50,24,GREEDY,NA,1857,1843,1031,0.992461,0.753904,0.037916
50,24,FPTAS,0.50,1857,1857,1042,1.000000,0.000000,0.163958
50,24,FPTAS,0.20,1857,1857,1042,1.000000,0.000000,0.275625
50,24,FPTAS,0.10,1857,1857,1042,1.000000,0.000000,0.631417
50,24,FPTAS,0.05,1857,1857,1042,1.000000,0.000000,1.025625
50,24,FPTAS,0.01,1857,1857,1042,1.000000,0.000000,4.119125
50,25,EXACT,NA,2029,2029,986,1.000000,0.000000,0.123125
50,25,GREEDY,NA,2029,2029,986,1.000000,0.000000,0.333667
50,25,FPTAS,0.50,2029,2029,986,1.000000,0.000000,0.114000
50,25,FPTAS,0.20,2029,2029,986,1.000000,0.000000,0.267042
50,25,FPTAS,0.10,2029,2029,986,1.000000,0.000000,0.409750
50,25,FPTAS,0.05,2029,2029,986,1.000000,0.000000,0.977750
50,25,FPTAS,0.01,2029,2029,986,1.000000,0.000000,4.322542
50,26,EXACT,NA,2009,2009,936,1.000000,0.000000,0.055125
50,26,GREEDY,NA,2009,2006,929,0.998507,0.149328,0.047584
50,26,FPTAS,0.50,2009,2009,936,1.000000,0.000000,0.163792
50,26,FPTAS,0.20,2009,2009,936,1.000000,0.000000,0.398958
50,26,FPTAS,0.10,2009,2009,936,1.000000,0.000000,0.744417
50,26,FPTAS,0.05,2009,2009,936,1.000000,0.000000,1.184292
50,26,FPTAS,0.01,2009,2009,936,1.000000,0.000000,6.946042
50,27,EXACT,NA,1910,1910,982,1.000000,0.000000,0.167333
50,27,GREEDY,NA,1910,1905,972,0.997382,0.261780,0.245125
50,27,FPTAS,0.50,1910,1910,982,1.000000,0.000000,0.322666
50,27,FPTAS,0.20,1910,1910,982,1.000000,0.000000,0.259875
50,27,FPTAS,0.10,1910,1910,982,1.000000,0.000000,0.414500
50,27,FPTAS,0.05,1910,1910,982,1.000000,0.000000,0.791750
50,27,FPTAS,0.01,1910,1910,982,1.000000,0.000000,4.211084
50,28,EXACT,NA,1646,1646,1035,1.000000,0.000000,0.043959
50,28,GREEDY,NA,1646,1640,1027,0.996355,0.364520,0.039792
50,28,FPTAS,0.50,1646,1646,1035,1.000000,0.000000,0.101833
50,28,FPTAS,0.20,1646,1646,1035,1.000000,0.000000,0.254208
50,28,FPTAS,0.10,1646,1646,1035,1.000000,0.000000,0.468708
50,28,FPTAS,0.05,1646,1646,1035,1.000000,0.000000,0.945541
50,28,FPTAS,0.01,1646,1646,1035,1.000000,0.000000,4.113667
50,29,EXACT,NA,1713,1713,1158,1.000000,0.000000,0.054416
50,29,GREEDY,NA,1713,1708,1152,0.997081,0.291886,0.032917
50,29,FPTAS,0.50,1713,1713,1158,1.000000,0.000000,0.115916
50,29,FPTAS,0.20,1713,1713,1158,1.000000,0.000000,0.230625
50,29,FPTAS,0.10,1713,1713,1158,1.000000,0.000000,0.479750
50,29,FPTAS,0.05,1713,1713,1158,1.000000,0.000000,0.911709
50,29,FPTAS,0.01,1713,1713,1158,1.000000,0.000000,4.058125
50,30,EXACT,NA,1706,1706,1141,1.000000,0.000000,0.057125
50,30,GREEDY,NA,1706,1702,1135,0.997655,0.234467,0.030542
50,30,FPTAS,0.50,1706,1706,1141,1.000000,0.000000,0.097125
50,30,FPTAS,0.20,1706,1706,1141,1.000000,0.000000,0.237583
50,30,FPTAS,0.10,1706,1706,1141,1.000000,0.000000,0.363542
50,30,FPTAS,0.05,1706,1706,1141,1.000000,0.000000,0.703875
50,30,FPTAS,0.01,1706,1706,1141,1.000000,0.000000,3.635917
100,1,EXACT,NA,3735,3735,2056,1.000000,0.000000,0.170708
100,1,GREEDY,NA,3735,3720,2042,0.995984,0.401606,0.076000
100,1,FPTAS,0.50,3735,3735,2056,1.000000,0.000000,0.698083
100,1,FPTAS,0.20,3735,3735,2056,1.000000,0.000000,1.788292
100,1,FPTAS,0.10,3735,3735,2056,1.000000,0.000000,3.213167
100,1,FPTAS,0.05,3735,3735,2056,1.000000,0.000000,10.883833
100,1,FPTAS,0.01,3735,3735,2056,1.000000,0.000000,44.705709
100,2,EXACT,NA,3465,3465,2091,1.000000,0.000000,0.321834
100,2,GREEDY,NA,3465,3462,2090,0.999134,0.086580,0.276375
100,2,FPTAS,0.50,3465,3465,2091,1.000000,0.000000,0.987708
100,2,FPTAS,0.20,3465,3465,2091,1.000000,0.000000,1.791625
100,2,FPTAS,0.10,3465,3465,2091,1.000000,0.000000,4.249667
100,2,FPTAS,0.05,3465,3465,2091,1.000000,0.000000,6.226292
100,2,FPTAS,0.01,3465,3465,2091,1.000000,0.000000,33.940500
100,3,EXACT,NA,3428,3428,2000,1.000000,0.000000,0.281541
100,3,GREEDY,NA,3428,3425,1996,0.999125,0.087515,0.313458
100,3,FPTAS,0.50,3428,3428,1998,1.000000,0.000000,0.970208
100,3,FPTAS,0.20,3428,3428,1998,1.000000,0.000000,1.821958
100,3,FPTAS,0.10,3428,3428,1998,1.000000,0.000000,3.723500
100,3,FPTAS,0.05,3428,3428,1998,1.000000,0.000000,7.412083
100,3,FPTAS,0.01,3428,3428,1998,1.000000,0.000000,34.696667
100,4,EXACT,NA,3986,3986,1956,1.000000,0.000000,0.275583
100,4,GREEDY,NA,3986,3971,1951,0.996237,0.376317,0.279500
100,4,FPTAS,0.50,3986,3986,1956,1.000000,0.000000,1.086625
100,4,FPTAS,0.20,3986,3986,1956,1.000000,0.000000,1.863417
100,4,FPTAS,0.10,3986,3986,1956,1.000000,0.000000,3.507958
100,4,FPTAS,0.05,3986,3986,1956,1.000000,0.000000,7.144334
100,4,FPTAS,0.01,3986,3986,1956,1.000000,0.000000,42.935542
100,5,EXACT,NA,3673,3673,1948,1.000000,0.000000,0.461625
100,5,GREEDY,NA,3673,3672,1943,0.999728,0.027226,0.930792
100,5,FPTAS,0.50,3673,3673,1948,1.000000,0.000000,1.721458
100,5,FPTAS,0.20,3673,3673,1948,1.000000,0.000000,4.566541
100,5,FPTAS,0.10,3673,3673,1948,1.000000,0.000000,9.751250
100,5,FPTAS,0.05,3673,3673,1948,1.000000,0.000000,15.110084
100,5,FPTAS,0.01,3673,3673,1948,1.000000,0.000000,35.484667
100,6,EXACT,NA,3809,3809,2153,1.000000,0.000000,0.491000
100,6,GREEDY,NA,3809,3798,2144,0.997112,0.288790,0.686958
100,6,FPTAS,0.50,3809,3809,2153,1.000000,0.000000,0.957958
100,6,FPTAS,0.20,3809,3809,2153,1.000000,0.000000,1.588708
100,6,FPTAS,0.10,3809,3809,2153,1.000000,0.000000,3.390833
100,6,FPTAS,0.05,3809,3809,2153,1.000000,0.000000,6.371209
100,6,FPTAS,0.01,3809,3809,2153,1.000000,0.000000,34.482375
100,7,EXACT,NA,3651,3651,2110,1.000000,0.000000,0.285667
100,7,GREEDY,NA,3651,3642,2096,0.997535,0.246508,0.294792
100,7,FPTAS,0.50,3651,3651,2107,1.000000,0.000000,0.819750
100,7,FPTAS,0.20,3651,3651,2107,1.000000,0.000000,1.464000
100,7,FPTAS,0.10,3651,3651,2107,1.000000,0.000000,2.947000
100,7,FPTAS,0.05,3651,3651,2107,1.000000,0.000000,5.831541
100,7,FPTAS,0.01,3651,3651,2107,1.000000,0.000000,32.923583
100,8,EXACT,NA,3735,3735,1888,1.000000,0.000000,0.275000
100,8,GREEDY,NA,3735,3732,1888,0.999197,0.080321,0.309500
100,8,FPTAS,0.50,3735,3735,1888,1.000000,0.000000,0.872417
100,8,FPTAS,0.20,3735,3735,1888,1.000000,0.000000,1.524042
100,8,FPTAS,0.10,3735,3735,1888,1.000000,0.000000,3.080375
100,8,FPTAS,0.05,3735,3735,1888,1.000000,0.000000,6.079750
100,8,FPTAS,0.01,3735,3735,1888,1.000000,0.000000,34.527750
100,9,EXACT,NA,3795,3795,1831,1.000000,0.000000,0.267709
100,9,GREEDY,NA,3795,3795,1831,1.000000,0.000000,0.302667
100,9,FPTAS,0.50,3795,3795,1831,1.000000,0.000000,0.936666
100,9,FPTAS,0.20,3795,3795,1831,1.000000,0.000000,1.868291
100,9,FPTAS,0.10,3795,3795,1831,1.000000,0.000000,3.905500
100,9,FPTAS,0.05,3795,3795,1831,1.000000,0.000000,7.586916
100,9,FPTAS,0.01,3795,3795,1831,1.000000,0.000000,33.456000
100,10,EXACT,NA,3695,3695,2074,1.000000,0.000000,0.406375
100,10,GREEDY,NA,3695,3694,2072,0.999729,0.027064,0.450042
100,10,FPTAS,0.50,3695,3695,2074,1.000000,0.000000,1.672666
100,10,FPTAS,0.20,3695,3695,2074,1.000000,0.000000,3.775250
100,10,FPTAS,0.10,3695,3695,2072,1.000000,0.000000,11.974666
100,10,FPTAS,0.05,3695,3695,2072,1.000000,0.000000,19.405375
100,10,FPTAS,0.01,3695,3695,2074,1.000000,0.000000,39.174250
100,11,EXACT,NA,3483,3483,2250,1.000000,0.000000,0.376375
100,11,GREEDY,NA,3483,3475,2239,0.997703,0.229687,0.455625
100,11,FPTAS,0.50,3483,3483,2250,1.000000,0.000000,1.352166
100,11,FPTAS,0.20,3483,3483,2250,1.000000,0.000000,2.489125
100,11,FPTAS,0.10,3483,3483,2250,1.000000,0.000000,4.128791
100,11,FPTAS,0.05,3483,3483,2250,1.000000,0.000000,7.810667
100,11,FPTAS,0.01,3483,3483,2250,1.000000,0.000000,32.556292
100,12,EXACT,NA,3516,3516,2170,1.000000,0.000000,0.286000
100,12,GREEDY,NA,3516,3503,2165,0.996303,0.369738,0.469542
100,12,FPTAS,0.50,3516,3516,2170,1.000000,0.000000,1.027000
100,12,FPTAS,0.20,3516,3516,2170,1.000000,0.000000,1.666291
100,12,FPTAS,0.10,3516,3516,2170,1.000000,0.000000,3.328333
100,12,FPTAS,0.05,3516,3516,2170,1.000000,0.000000,6.603875
100,12,FPTAS,0.01,3516,3516,2170,1.000000,0.000000,37.892333
100,13,EXACT,NA,3550,3550,2039,1.000000,0.000000,0.270708
100,13,GREEDY,NA,3550,3536,2028,0.996056,0.394366,0.457750
100,13,FPTAS,0.50,3550,3550,2039,1.000000,0.000000,0.846333
100,13,FPTAS,0.20,3550,3550,2039,1.000000,0.000000,1.500541
100,13,FPTAS,0.10,3550,3550,2039,1.000000,0.000000,3.125417
100,13,FPTAS,0.05,3550,3550,2039,1.000000,0.000000,6.087584
100,13,FPTAS,0.01,3550,3550,2039,1.000000,0.000000,33.072791
100,14,EXACT,NA,3681,3681,2042,1.000000,0.000000,0.278500
100,14,GREEDY,NA,3681,3668,2019,0.996468,0.353165,0.473416
100,14,FPTAS,0.50,3681,3681,2042,1.000000,0.000000,0.917083
100,14,FPTAS,0.20,3681,3681,2041,1.000000,0.000000,1.866292
100,14,FPTAS,0.10,3681,3681,2041,1.000000,0.000000,3.836000
100,14,FPTAS,0.05,3681,3681,2041,1.000000,0.000000,7.397959
100,14,FPTAS,0.01,3681,3681,2041,1.000000,0.000000,33.261167
100,15,EXACT,NA,3377,3377,2167,1.000000,0.000000,0.298000
100,15,GREEDY,NA,3377,3362,2152,0.995558,0.444181,0.458791
100,15,FPTAS,0.50,3377,3377,2167,1.000000,0.000000,0.818917
100,15,FPTAS,0.20,3377,3377,2167,1.000000,0.000000,1.421541
100,15,FPTAS,0.10,3377,3377,2167,1.000000,0.000000,2.882667
100,15,FPTAS,0.05,3377,3377,2167,1.000000,0.000000,5.814791
100,15,FPTAS,0.01,3377,3377,2167,1.000000,0.000000,30.487500
100,16,EXACT,NA,3439,3439,2056,1.000000,0.000000,0.284000
100,16,GREEDY,NA,3439,3439,2056,1.000000,0.000000,0.445083
100,16,FPTAS,0.50,3439,3439,2056,1.000000,0.000000,0.863334
100,16,FPTAS,0.20,3439,3439,2056,1.000000,0.000000,1.657917
100,16,FPTAS,0.10,3439,3439,2056,1.000000,0.000000,3.420791
100,16,FPTAS,0.05,3439,3439,2056,1.000000,0.000000,7.401542
100,16,FPTAS,0.01,3439,3439,2056,1.000000,0.000000,30.763667
100,17,EXACT,NA,3602,3602,1931,1.000000,0.000000,0.264541
100,17,GREEDY,NA,3602,3596,1931,0.998334,0.166574,0.451042
100,17,FPTAS,0.50,3602,3602,1931,1.000000,0.000000,0.821583
100,17,FPTAS,0.20,3602,3602,1931,1.000000,0.000000,1.417208
100,17,FPTAS,0.10,3602,3602,1931,1.000000,0.000000,2.944666
100,17,FPTAS,0.05,3602,3602,1931,1.000000,0.000000,5.905875
100,17,FPTAS,0.01,3602,3602,1931,1.000000,0.000000,32.525834
100,18,EXACT,NA,3685,3685,1893,1.000000,0.000000,0.259458
100,18,GREEDY,NA,3685,3675,1878,0.997286,0.271370,0.447833
100,18,FPTAS,0.50,3685,3685,1893,1.000000,0.000000,0.960625
100,18,FPTAS,0.20,3685,3685,1893,1.000000,0.000000,1.962333
100,18,FPTAS,0.10,3685,3685,1893,1.000000,0.000000,4.093875
100,18,FPTAS,0.05,3685,3685,1893,1.000000,0.000000,8.013875
100,18,FPTAS,0.01,3685,3685,1893,1.000000,0.000000,38.478667
100,19,EXACT,NA,3708,3708,2018,1.000000,0.000000,0.270083
100,19,GREEDY,NA,3708,3706,2014,0.999461,0.053937,0.443459
100,19,FPTAS,0.50,3708,3708,2018,1.000000,0.000000,0.810167
100,19,FPTAS,0.20,3708,3708,2018,1.000000,0.000000,1.506167
100,19,FPTAS,0.10,3708,3708,2018,1.000000,0.000000,3.063375
100,19,FPTAS,0.05,3708,3708,2018,1.000000,0.000000,5.537625
100,19,FPTAS,0.01,3708,3708,2018,1.000000,0.000000,30.835792
100,20,EXACT,NA,3828,3828,2152,1.000000,0.000000,0.277250
100,20,GREEDY,NA,3828,3828,2152,1.000000,0.000000,0.436917
100,20,FPTAS,0.50,3828,3828,2152,1.000000,0.000000,0.878208
100,20,FPTAS,0.20,3828,3828,2152,1.000000,0.000000,1.580208
100,20,FPTAS,0.10,3828,3828,2152,1.000000,0.000000,3.247625
100,20,FPTAS,0.05,3828,3828,2152,1.000000,0.000000,6.276208
100,20,FPTAS,0.01,3828,3828,2152,1.000000,0.000000,34.811375
100,21,EXACT,NA,3625,3625,2140,1.000000,0.000000,0.278875
100,21,GREEDY,NA,3625,3613,2120,0.996690,0.331034,0.451542
100,21,FPTAS,0.50,3625,3625,2137,1.000000,0.000000,0.834500
100,21,FPTAS,0.20,3625,3625,2137,1.000000,0.000000,1.541334
100,21,FPTAS,0.10,3625,3625,2137,1.000000,0.000000,3.136833
100,21,FPTAS,0.05,3625,3625,2137,1.000000,0.000000,6.106375
100,21,FPTAS,0.01,3625,3625,2137,1.000000,0.000000,33.425042
100,22,EXACT,NA,3720,3720,2078,1.000000,0.000000,0.256458
100,22,GREEDY,NA,3720,3715,2073,0.998656,0.134409,0.530916
100,22,FPTAS,0.50,3720,3720,2078,1.000000,0.000000,0.873250
100,22,FPTAS,0.20,3720,3720,2078,1.000000,0.000000,1.493833
100,22,FPTAS,0.10,3720,3720,2078,1.000000,0.000000,3.011667
100,22,FPTAS,0.05,3720,3720,2078,1.000000,0.000000,6.037583
100,22,FPTAS,0.01,3720,3720,2078,1.000000,0.000000,31.992458
100,23,EXACT,NA,3817,3817,2006,1.000000,0.000000,0.280667
100,23,GREEDY,NA,3817,3813,2001,0.998952,0.104794,0.450917
100,23,FPTAS,0.50,3817,3817,2006,1.000000,0.000000,0.878542
100,23,FPTAS,0.20,3817,3817,2006,1.000000,0.000000,1.673959
100,23,FPTAS,0.10,3817,3817,2006,1.000000,0.000000,3.246625
100,23,FPTAS,0.05,3817,3817,2006,1.000000,0.000000,6.545000
100,23,FPTAS,0.01,3817,3817,2006,1.000000,0.000000,36.382208
100,24,EXACT,NA,3655,3655,1974,1.000000,0.000000,0.265875
100,24,GREEDY,NA,3655,3655,1974,1.000000,0.000000,0.459084
100,24,FPTAS,0.50,3655,3655,1974,1.000000,0.000000,0.940625
100,24,FPTAS,0.20,3655,3655,1974,1.000000,0.000000,1.874875
100,24,FPTAS,0.10,3655,3655,1974,1.000000,0.000000,3.801334
100,24,FPTAS,0.05,3655,3655,1974,1.000000,0.000000,7.507209
100,24,FPTAS,0.01,3655,3655,1974,1.000000,0.000000,32.748875
100,25,EXACT,NA,3823,3823,2243,1.000000,0.000000,0.298917
100,25,GREEDY,NA,3823,3818,2237,0.998692,0.130787,0.465042
100,25,FPTAS,0.50,3823,3823,2243,1.000000,0.000000,0.871875
100,25,FPTAS,0.20,3823,3823,2243,1.000000,0.000000,1.595500
100,25,FPTAS,0.10,3823,3823,2243,1.000000,0.000000,3.236917
100,25,FPTAS,0.05,3823,3823,2243,1.000000,0.000000,6.523750
100,25,FPTAS,0.01,3823,3823,2243,1.000000,0.000000,36.120583
100,26,EXACT,NA,4031,4031,1919,1.000000,0.000000,0.264875
100,26,GREEDY,NA,4031,4025,1918,0.998512,0.148846,0.469584
100,26,FPTAS,0.50,4031,4031,1919,1.000000,0.000000,0.891625
100,26,FPTAS,0.20,4031,4031,1919,1.000000,0.000000,1.632584
100,26,FPTAS,0.10,4031,4031,1919,1.000000,0.000000,3.393250
100,26,FPTAS,0.05,4031,4031,1919,1.000000,0.000000,6.542333
100,26,FPTAS,0.01,4031,4031,1919,1.000000,0.000000,36.245833
100,27,EXACT,NA,3747,3747,1882,1.000000,0.000000,0.264417
100,27,GREEDY,NA,3747,3741,1876,0.998399,0.160128,0.469084
100,27,FPTAS,0.50,3747,3747,1882,1.000000,0.000000,0.852542
100,27,FPTAS,0.20,3747,3747,1882,1.000000,0.000000,1.532209
100,27,FPTAS,0.10,3747,3747,1882,1.000000,0.000000,3.132000
100,27,FPTAS,0.05,3747,3747,1882,1.000000,0.000000,6.347375
100,27,FPTAS,0.01,3747,3747,1882,1.000000,0.000000,33.201458
100,28,EXACT,NA,3930,3930,1850,1.000000,0.000000,0.259042
100,28,GREEDY,NA,3930,3924,1848,0.998473,0.152672,0.446291
100,28,FPTAS,0.50,3930,3930,1850,1.000000,0.000000,0.871958
100,28,FPTAS,0.20,3930,3930,1850,1.000000,0.000000,1.659208
100,28,FPTAS,0.10,3930,3930,1850,1.000000,0.000000,3.291417
100,28,FPTAS,0.05,3930,3930,1850,1.000000,0.000000,6.399500
100,28,FPTAS,0.01,3930,3930,1850,1.000000,0.000000,35.693416
100,29,EXACT,NA,3574,3574,1952,1.000000,0.000000,0.271875
100,29,GREEDY,NA,3574,3561,1938,0.996363,0.363738,0.463958
100,29,FPTAS,0.50,3574,3574,1952,1.000000,0.000000,0.852583
100,29,FPTAS,0.20,3574,3574,1952,1.000000,0.000000,1.480625
100,29,FPTAS,0.10,3574,3574,1952,1.000000,0.000000,2.988791
100,29,FPTAS,0.05,3574,3574,1952,1.000000,0.000000,5.942542
100,29,FPTAS,0.01,3574,3574,1952,1.000000,0.000000,32.332125
100,30,EXACT,NA,3410,3410,2199,1.000000,0.000000,0.296875
100,30,GREEDY,NA,3410,3410,2195,1.000000,0.000000,0.451166
100,30,FPTAS,0.50,3410,3410,2195,1.000000,0.000000,0.795500
100,30,FPTAS,0.20,3410,3410,2195,1.000000,0.000000,1.330209
100,30,FPTAS,0.10,3410,3410,2195,1.000000,0.000000,2.772166
100,30,FPTAS,0.05,3410,3410,2195,1.000000,0.000000,5.520458
100,30,FPTAS,0.01,3410,3410,2195,1.000000,0.000000,29.557125
250,1,EXACT,NA,9406,9406,4801,1.000000,0.000000,1.034583
250,1,GREEDY,NA,9406,9400,4799,0.999362,0.063789,0.941500
250,1,FPTAS,0.50,9406,9406,4801,1.000000,0.000000,10.606791
250,1,FPTAS,0.20,9406,9406,4801,1.000000,0.000000,33.877542
250,1,FPTAS,0.10,9406,9406,4801,1.000000,0.000000,58.432583
250,1,FPTAS,0.05,9406,9406,4801,1.000000,0.000000,182.126000
250,1,FPTAS,0.01,9406,9406,4801,1.000000,0.000000,1965.553291
250,2,EXACT,NA,8850,8850,5142,1.000000,0.000000,2.040917
250,2,GREEDY,NA,8850,8840,5129,0.998870,0.112994,0.515917
250,2,FPTAS,0.50,8850,8850,5142,1.000000,0.000000,24.875458
250,2,FPTAS,0.20,8850,8850,5142,1.000000,0.000000,62.095542
250,2,FPTAS,0.10,8850,8850,5142,1.000000,0.000000,48.119542
250,2,FPTAS,0.05,8850,8850,5142,1.000000,0.000000,108.045958
250,2,FPTAS,0.01,8850,8850,5142,1.000000,0.000000,554.445625
250,3,EXACT,NA,9468,9468,5128,1.000000,0.000000,1.450583
250,3,GREEDY,NA,9468,9468,5128,1.000000,0.000000,0.540458
250,3,FPTAS,0.50,9468,9468,5128,1.000000,0.000000,23.728292
250,3,FPTAS,0.20,9468,9468,5128,1.000000,0.000000,33.505416
250,3,FPTAS,0.10,9468,9468,5128,1.000000,0.000000,50.331417
250,3,FPTAS,0.05,9468,9468,5128,1.000000,0.000000,100.038125
250,3,FPTAS,0.01,9468,9468,5128,1.000000,0.000000,534.000333
250,4,EXACT,NA,9248,9248,5003,1.000000,0.000000,1.226291
250,4,GREEDY,NA,9248,9244,5003,0.999567,0.043253,0.530584
250,4,FPTAS,0.50,9248,9248,5003,1.000000,0.000000,12.860083
250,4,FPTAS,0.20,9248,9248,5003,1.000000,0.000000,33.162708
250,4,FPTAS,0.10,9248,9248,5003,1.000000,0.000000,59.531333
250,4,FPTAS,0.05,9248,9248,5003,1.000000,0.000000,111.828000
250,4,FPTAS,0.01,9248,9248,5003,1.000000,0.000000,553.059542
250,5,EXACT,NA,9212,9212,5014,1.000000,0.000000,1.121834
250,5,GREEDY,NA,9212,9212,5014,1.000000,0.000000,0.532500
250,5,FPTAS,0.50,9212,9212,5014,1.000000,0.000000,12.027209
250,5,FPTAS,0.20,9212,9212,5014,1.000000,0.000000,33.593791
250,5,FPTAS,0.10,9212,9212,5014,1.000000,0.000000,59.700375
250,5,FPTAS,0.05,9212,9212,5014,1.000000,0.000000,110.456458
250,5,FPTAS,0.01,9212,9212,5014,1.000000,0.000000,539.138125
250,6,EXACT,NA,8984,8984,5032,1.000000,0.000000,1.115125
250,6,GREEDY,NA,8984,8976,5029,0.999110,0.089047,0.540375
250,6,FPTAS,0.50,8984,8984,5032,1.000000,0.000000,9.983750
250,6,FPTAS,0.20,8984,8984,5032,1.000000,0.000000,32.713292
250,6,FPTAS,0.10,8984,8984,5032,1.000000,0.000000,47.168500
250,6,FPTAS,0.05,8984,8984,5032,1.000000,0.000000,93.952042
250,6,FPTAS,0.01,8984,8984,5032,1.000000,0.000000,515.574625
250,7,EXACT,NA,9145,9145,4882,1.000000,0.000000,1.006958
250,7,GREEDY,NA,9145,9144,4880,0.999891,0.010935,1.310042
250,7,FPTAS,0.50,9145,9145,4882,1.000000,0.000000,9.770958
250,7,FPTAS,0.20,9145,9145,4882,1.000000,0.000000,31.967625
250,7,FPTAS,0.10,9145,9145,4882,1.000000,0.000000,47.232292
250,7,FPTAS,0.05,9145,9145,4882,1.000000,0.000000,94.203250
250,7,FPTAS,0.01,9145,9145,4882,1.000000,0.000000,513.493333
250,8,EXACT,NA,9412,9412,5100,1.000000,0.000000,1.075834
250,8,GREEDY,NA,9412,9402,5098,0.998938,0.106247,2.150875
250,8,FPTAS,0.50,9412,9412,5100,1.000000,0.000000,10.047834
250,8,FPTAS,0.20,9412,9412,5100,1.000000,0.000000,32.837417
250,8,FPTAS,0.10,9412,9412,5100,1.000000,0.000000,47.465167
250,8,FPTAS,0.05,9412,9412,5100,1.000000,0.000000,94.959625
250,8,FPTAS,0.01,9412,9412,5100,1.000000,0.000000,526.795500
250,9,EXACT,NA,9948,9948,4755,1.000000,0.000000,1.027750
250,9,GREEDY,NA,9948,9940,4751,0.999196,0.080418,0.645625
250,9,FPTAS,0.50,9948,9948,4755,1.000000,0.000000,10.908459
250,9,FPTAS,0.20,9948,9948,4755,1.000000,0.000000,35.802541
250,9,FPTAS,0.10,9948,9948,4755,1.000000,0.000000,52.255709
250,9,FPTAS,0.05,9948,9948,4755,1.000000,0.000000,104.051041
250,9,FPTAS,0.01,9948,9948,4755,1.000000,0.000000,624.771417
250,10,EXACT,NA,9348,9348,5078,1.000000,0.000000,1.389041
250,10,GREEDY,NA,9348,9348,5078,1.000000,0.000000,0.637833
250,10,FPTAS,0.50,9348,9348,5078,1.000000,0.000000,16.168375
250,10,FPTAS,0.20,9348,9348,5078,1.000000,0.000000,36.141875
250,10,FPTAS,0.10,9348,9348,5078,1.000000,0.000000,50.470958
250,10,FPTAS,0.05,9348,9348,5078,1.000000,0.000000,96.656541
250,10,FPTAS,0.01,9348,9348,5078,1.000000,0.000000,534.714542
250,11,EXACT,NA,8637,8637,5092,1.000000,0.000000,1.177834
250,11,GREEDY,NA,8637,8618,5074,0.997800,0.219984,0.904292
250,11,FPTAS,0.50,8637,8637,5092,1.000000,0.000000,10.986041
250,11,FPTAS,0.20,8637,8637,5092,1.000000,0.000000,31.953875
250,11,FPTAS,0.10,8637,8637,5092,1.000000,0.000000,46.146375
250,11,FPTAS,0.05,8637,8637,5092,1.000000,0.000000,91.890291
250,11,FPTAS,0.01,8637,8637,5092,1.000000,0.000000,503.861916
250,12,EXACT,NA,8941,8941,5212,1.000000,0.000000,1.216958
250,12,GREEDY,NA,8941,8935,5214,0.999329,0.067107,2.169500
250,12,FPTAS,0.50,8941,8941,5212,1.000000,0.000000,9.407375
250,12,FPTAS,0.20,8941,8941,5212,1.000000,0.000000,31.537208
250,12,FPTAS,0.10,8941,8941,5212,1.000000,0.000000,45.425458
250,12,FPTAS,0.05,8941,8941,5212,1.000000,0.000000,90.340667
250,12,FPTAS,0.01,8941,8941,5212,1.000000,0.000000,494.885708
250,13,EXACT,NA,9346,9346,5065,1.000000,0.000000,1.059709
250,13,GREEDY,NA,9346,9340,5062,0.999358,0.064199,0.976584
250,13,FPTAS,0.50,9346,9346,5065,1.000000,0.000000,10.510958
250,13,FPTAS,0.20,9346,9346,5065,1.000000,0.000000,34.159416
250,13,FPTAS,0.10,9346,9346,5065,1.000000,0.000000,49.069083
250,13,FPTAS,0.05,9346,9346,5065,1.000000,0.000000,98.578959
250,13,FPTAS,0.01,9346,9346,5065,1.000000,0.000000,541.713833
250,14,EXACT,NA,9545,9545,5072,1.000000,0.000000,1.041917
250,14,GREEDY,NA,9545,9545,5072,1.000000,0.000000,0.688458
250,14,FPTAS,0.50,9545,9545,5072,1.000000,0.000000,10.058042
250,14,FPTAS,0.20,9545,9545,5072,1.000000,0.000000,33.071791
250,14,FPTAS,0.10,9545,9545,5072,1.000000,0.000000,48.451666
250,14,FPTAS,0.05,9545,9545,5072,1.000000,0.000000,96.377375
250,14,FPTAS,0.01,9545,9545,5072,1.000000,0.000000,532.670667
250,15,EXACT,NA,9496,9496,5269,1.000000,0.000000,1.132292
250,15,GREEDY,NA,9496,9496,5269,1.000000,0.000000,0.671083
250,15,FPTAS,0.50,9496,9496,5269,1.000000,0.000000,11.185000
250,15,FPTAS,0.20,9496,9496,5269,1.000000,0.000000,34.738125
250,15,FPTAS,0.10,9496,9496,5269,1.000000,0.000000,51.012000
250,15,FPTAS,0.05,9496,9496,5269,1.000000,0.000000,101.264625
250,15,FPTAS,0.01,9496,9496,5269,1.000000,0.000000,551.961417
250,16,EXACT,NA,9483,9483,5309,1.000000,0.000000,1.139625
250,16,GREEDY,NA,9483,9482,5307,0.999895,0.010545,0.826459
250,16,FPTAS,0.50,9483,9483,5309,1.000000,0.000000,10.193250
250,16,FPTAS,0.20,9483,9483,5309,1.000000,0.000000,33.155875
250,16,FPTAS,0.10,9483,9483,5309,1.000000,0.000000,48.342708
250,16,FPTAS,0.05,9483,9483,5309,1.000000,0.000000,96.634708
250,16,FPTAS,0.01,9483,9483,5309,1.000000,0.000000,527.300916
250,17,EXACT,NA,9631,9631,5098,1.000000,0.000000,1.028959
250,17,GREEDY,NA,9631,9622,5085,0.999066,0.093448,0.812250
250,17,FPTAS,0.50,9631,9631,5098,1.000000,0.000000,10.894250
250,17,FPTAS,0.20,9631,9631,5098,1.000000,0.000000,35.253083
250,17,FPTAS,0.10,9631,9631,5098,1.000000,0.000000,51.607083
250,17,FPTAS,0.05,9631,9631,5098,1.000000,0.000000,103.399791
250,17,FPTAS,0.01,9631,9631,5098,1.000000,0.000000,564.624500
250,18,EXACT,NA,9113,9113,5241,1.000000,0.000000,1.076958
250,18,GREEDY,NA,9113,9113,5241,1.000000,0.000000,0.678208
250,18,FPTAS,0.50,9113,9113,5241,1.000000,0.000000,10.183166
250,18,FPTAS,0.20,9113,9113,5241,1.000000,0.000000,33.055459
250,18,FPTAS,0.10,9113,9113,5241,1.000000,0.000000,47.733458
250,18,FPTAS,0.05,9113,9113,5241,1.000000,0.000000,95.181875
250,18,FPTAS,0.01,9113,9113,5241,1.000000,0.000000,526.396500
250,19,EXACT,NA,9668,9668,4975,1.000000,0.000000,1.040250
250,19,GREEDY,NA,9668,9663,4971,0.999483,0.051717,2.193459
250,19,FPTAS,0.50,9668,9668,4973,1.000000,0.000000,10.489375
250,19,FPTAS,0.20,9668,9668,4973,1.000000,0.000000,34.627625
250,19,FPTAS,0.10,9668,9668,4973,1.000000,0.000000,51.102500
250,19,FPTAS,0.05,9668,9668,4973,1.000000,0.000000,100.960750
250,19,FPTAS,0.01,9668,9668,4973,1.000000,0.000000,553.195750
250,20,EXACT,NA,9005,9005,4777,1.000000,0.000000,0.984416
250,20,GREEDY,NA,9005,9005,4777,1.000000,0.000000,0.678500
250,20,FPTAS,0.50,9005,9005,4777,1.000000,0.000000,9.485458
250,20,FPTAS,0.20,9005,9005,4777,1.000000,0.000000,31.632583
250,20,FPTAS,0.10,9005,9005,4777,1.000000,0.000000,45.857083
250,20,FPTAS,0.05,9005,9005,4777,1.000000,0.000000,91.209125
250,20,FPTAS,0.01,9005,9005,4777,1.000000,0.000000,500.000042
250,21,EXACT,NA,8978,8978,5304,1.000000,0.000000,1.102208
250,21,GREEDY,NA,8978,8972,5295,0.999332,0.066830,0.641709
250,21,FPTAS,0.50,8978,8978,5304,1.000000,0.000000,9.919458
250,21,FPTAS,0.20,8978,8978,5304,1.000000,0.000000,32.666709
250,21,FPTAS,0.10,8978,8978,5304,1.000000,0.000000,48.200459
250,21,FPTAS,0.05,8978,8978,5304,1.000000,0.000000,95.262917
250,21,FPTAS,0.01,8978,8978,5304,1.000000,0.000000,523.597542
250,22,EXACT,NA,8691,8691,5038,1.000000,0.000000,1.054958
250,22,GREEDY,NA,8691,8687,5034,0.999540,0.046025,2.760958
250,22,FPTAS,0.50,8691,8691,5038,1.000000,0.000000,9.474125
250,22,FPTAS,0.20,8691,8691,5038,1.000000,0.000000,31.569084
250,22,FPTAS,0.10,8691,8691,5038,1.000000,0.000000,45.730042
250,22,FPTAS,0.05,8691,8691,5038,1.000000,0.000000,91.689916
250,22,FPTAS,0.01,8691,8691,5038,1.000000,0.000000,495.696167
250,23,EXACT,NA,8748,8748,5201,1.000000,0.000000,1.082709
250,23,GREEDY,NA,8748,8748,5201,1.000000,0.000000,1.378458
250,23,FPTAS,0.50,8748,8748,5201,1.000000,0.000000,9.389333
250,23,FPTAS,0.20,8748,8748,5201,1.000000,0.000000,31.572750
250,23,FPTAS,0.10,8748,8748,5201,1.000000,0.000000,45.506375
250,23,FPTAS,0.05,8748,8748,5201,1.000000,0.000000,92.484250
250,23,FPTAS,0.01,8748,8748,5201,1.000000,0.000000,493.730875
250,24,EXACT,NA,9195,9195,4930,1.000000,0.000000,1.069500
250,24,GREEDY,NA,9195,9191,4928,0.999565,0.043502,0.771666
250,24,FPTAS,0.50,9195,9195,4930,1.000000,0.000000,10.124166
250,24,FPTAS,0.20,9195,9195,4930,1.000000,0.000000,33.070208
250,24,FPTAS,0.10,9195,9195,4930,1.000000,0.000000,48.611875
250,24,FPTAS,0.05,9195,9195,4930,1.000000,0.000000,95.393083
250,24,FPTAS,0.01,9195,9195,4930,1.000000,0.000000,579.686709
250,25,EXACT,NA,9257,9257,5000,1.000000,0.000000,1.295292
250,25,GREEDY,NA,9257,9252,4999,0.999460,0.054013,1.040250
250,25,FPTAS,0.50,9257,9257,5000,1.000000,0.000000,10.867625
250,25,FPTAS,0.20,9257,9257,5000,1.000000,0.000000,35.055250
250,25,FPTAS,0.10,9257,9257,5000,1.000000,0.000000,51.648292
250,25,FPTAS,0.05,9257,9257,5000,1.000000,0.000000,97.739500
250,25,FPTAS,0.01,9257,9257,5000,1.000000,0.000000,594.269625
250,26,EXACT,NA,9517,9517,4772,1.000000,0.000000,2.572375
250,26,GREEDY,NA,9517,9504,4759,0.998634,0.136598,1.593333
250,26,FPTAS,0.50,9517,9517,4772,1.000000,0.000000,13.637667
250,26,FPTAS,0.20,9517,9517,4772,1.000000,0.000000,41.781500
250,26,FPTAS,0.10,9517,9517,4772,1.000000,0.000000,52.247917
250,26,FPTAS,0.05,9517,9517,4772,1.000000,0.000000,104.275750
250,26,FPTAS,0.01,9517,9517,4772,1.000000,0.000000,589.519125
250,27,EXACT,NA,9400,9400,4892,1.000000,0.000000,1.031375
250,27,GREEDY,NA,9400,9397,4891,0.999681,0.031915,2.673125
250,27,FPTAS,0.50,9400,9400,4892,1.000000,0.000000,11.987292
250,27,FPTAS,0.20,9400,9400,4892,1.000000,0.000000,36.214875
250,27,FPTAS,0.10,9400,9400,4892,1.000000,0.000000,52.210750
250,27,FPTAS,0.05,9400,9400,4892,1.000000,0.000000,107.271667
250,27,FPTAS,0.01,9400,9400,4892,1.000000,0.000000,552.345625
250,28,EXACT,NA,9089,9089,4929,1.000000,0.000000,1.093292
250,28,GREEDY,NA,9089,9089,4929,1.000000,0.000000,1.029750
250,28,FPTAS,0.50,9089,9089,4929,1.000000,0.000000,9.658583
250,28,FPTAS,0.20,9089,9089,4929,1.000000,0.000000,33.412458
250,28,FPTAS,0.10,9089,9089,4929,1.000000,0.000000,48.783459
250,28,FPTAS,0.05,9089,9089,4929,1.000000,0.000000,95.245625
250,28,FPTAS,0.01,9089,9089,4929,1.000000,0.000000,534.986750
250,29,EXACT,NA,9257,9257,5109,1.000000,0.000000,1.075000
250,29,GREEDY,NA,9257,9255,5106,0.999784,0.021605,0.790500
250,29,FPTAS,0.50,9257,9257,5109,1.000000,0.000000,10.987959
250,29,FPTAS,0.20,9257,9257,5109,1.000000,0.000000,34.759917
250,29,FPTAS,0.10,9257,9257,5109,1.000000,0.000000,49.368875
250,29,FPTAS,0.05,9257,9257,5109,1.000000,0.000000,97.475750
250,29,FPTAS,0.01,9257,9257,5109,1.000000,0.000000,535.962083
250,30,EXACT,NA,9555,9555,5071,1.000000,0.000000,1.068791
250,30,GREEDY,NA,9555,9546,5060,0.999058,0.094192,1.543084
250,30,FPTAS,0.50,9555,9555,5071,1.000000,0.000000,10.042208
250,30,FPTAS,0.20,9555,9555,5071,1.000000,0.000000,33.169500
250,30,FPTAS,0.10,9555,9555,5071,1.000000,0.000000,49.344583
250,30,FPTAS,0.05,9555,9555,5071,1.000000,0.000000,95.778250
250,30,FPTAS,0.01,9555,9555,5071,1.000000,0.000000,530.639042
